job_id,title,company,location,salary,posted_date,job_url,scrape_date,recommend,apply_date,unit,period,new_period,new_unit,priority,last_apply_date,last_apply_title,last_apply_to_today_days,group
4475819714,"pricing data analyst, remarketing",element fleet management,Dublin (On-site),,1 hour ago,https://www.linkedin.com/jobs/view/4475819714/,20261005,1,20261005,1,hour,day,1,2,2026-10-04,applied ai lead,1.0,0
4438193557,applied ai lead,element fleet management,Dublin (On-site),,1 day ago,https://www.linkedin.com/jobs/view/4438193557/,20261005,1,20261005,1,day,day,1,4,2026-10-04,applied ai lead,1.0,0
4475574060,senior engineer (r-20002),dun & bradstreet,Dublin (Hybrid),,7 hours ago,https://www.linkedin.com/jobs/view/4475574060/,20261005,1,20261005,7,hours,day,1,3,2026-09-29,ai architect,6.0,1
4471735796,ai architect,dun & bradstreet,Dublin (Hybrid),,1 day ago,https://www.linkedin.com/jobs/view/4471735796/,20261005,1,20261005,1,day,day,1,4,2026-09-29,ai architect,6.0,1
4456256249,applied ai engineer,block labs,Ireland (Remote),,1 day ago,https://www.linkedin.com/jobs/view/4456256249/,20261005,1,20261005,1,day,day,1,4,2026-09-16,applied ai engineer,19.0,2
4429112309,forward deployed engineer,salesforce,Dublin (Hybrid),,1 day ago,https://www.linkedin.com/jobs/view/4429112309/,20261005,1,20261005,1,day,day,1,4,2026-09-29,d360 forward deployed engineer,6.0,3
4463473413,principal machine learning engineer,workday,Dublin (Hybrid),,1 day ago,https://www.linkedin.com/jobs/view/4463473413/,20261005,1,20261005,1,day,day,1,4,2026-09-29,senior ai software engineer – deployment technology,6.0,4
4460708838,machine learning engineer,workday,Dublin (Hybrid),,1 day ago,https://www.linkedin.com/jobs/view/4460708838/,20261005,1,20261005,1,day,day,1,4,2026-09-29,senior ai software engineer – deployment technology,6.0,4
4426822677,software engineer - agentic ai & api platform,workday,Dublin (Hybrid),,1 day ago,https://www.linkedin.com/jobs/view/4426822677/,20261005,1,20261005,1,day,day,1,4,2026-09-29,senior ai software engineer – deployment technology,6.0,4
4454515542,senior software engineer - w+d,microsoft,Dublin (Hybrid),,3 days ago,https://www.linkedin.com/jobs/view/4454515542/,20261005,1,20261005,3,days,days,3,5,2026-09-16,senior software engineer -sxg,19.0,5
4472579825,"engineering analyst, egregious harms",google,Dublin (On-site),,4 days ago,https://www.linkedin.com/jobs/view/4472579825/,20261005,1,20261005,4,days,days,4,5,2026-09-16,senior engineering analyst,19.0,6
4472161484,"forward deployed engineer, gen ai, google cloud",google,Dublin (On-site),,5 days ago,https://www.linkedin.com/jobs/view/4472161484/,20261005,1,20261005,5,days,days,5,5,2026-09-16,senior engineering analyst,19.0,6
4473941876,"software engineer, security business enablement",stripe,Dublin (On-site),,4 days ago,https://www.linkedin.com/jobs/view/4473941876/,20261005,1,20261005,4,days,days,4,5,2026-09-16,"data scientist, payments",19.0,7
